snp_id,disease_id,pmid,score
rs113488022,C0025202,25407517,0.65
rs113488022,C0025202,24884503,0.65
rs113488022,C0025202,23909652,0.65
rs113488022,C0025202,25256614,0.65
rs113488022,C0025202,22554099,0.65
rs113488022,C0025202,23416158,0.65
rs113488022,C0025202,26145173,0.65
rs113488022,C0025202,23159593,0.65
rs113488022,C0025202,26771234,0.65
rs113488022,C0025202,22332713,0.65
rs113488022,C0025202,18347137,0.65
rs113488022,C0025202,22911700,0.65
rs113488022,C0025202,23844038,0.65
rs113488022,C0025202,22012135,0.65
rs113488022,C0025202,22718120,0.65
rs113488022,C0025202,19233913,0.65
rs113488022,C0025202,23690527,0.65
rs113488022,C0025202,25442222,0.65
rs113488022,C0025202,24703243,0.65
rs113488022,C0025202,25319388,0.65
rs113488022,C0025202,19659611,0.65
rs113488022,C0025202,26790143,0.65
rs113488022,C0025202,19936769,0.65
rs113488022,C0025202,23852164,0.65
rs113488022,C0025202,24574369,0.65
rs113488022,C0025202,25615552,0.65
rs113488022,C0025202,26824319,0.65
rs113488022,C0025202,24185007,0.65
rs113488022,C0025202,19561646,0.65
rs113488022,C0025202,27488807,0.65
rs113488022,C0025202,15373778,0.65
rs113488022,C0025202,12960123,0.65
rs113488022,C0025202,26202951,0.65
rs113488022,C0025202,12917419,0.65
rs113488022,C0025202,23714462,0.65
rs113488022,C0025202,26218930,0.65
rs113488022,C0025202,26460952,0.65
rs113488022,C0025202,23757202,0.65
rs113488022,C0025202,17581615,0.65
rs113488022,C0025202,22281684,0.65
rs113488022,C0025202,20431030,0.65
rs113488022,C0025202,18172070,0.65
rs113488022,C0025202,15191558,0.65
rs113488022,C0025202,15331929,0.65
rs113488022,C0025202,15588860,0.65
rs113488022,C0025202,15289355,0.65
rs113488022,C0025202,23603840,0.65
rs113488022,C0025202,22820643,0.65
rs113488022,C0025202,24709886,0.65
rs113488022,C0025202,23382536,0.65
rs113488022,C0025202,23051966,0.65
rs113488022,C0025202,26124322,0.65
rs113488022,C0025202,26600396,0.65
rs113488022,C0025202,23685455,0.65
rs113488022,C0025202,14500344,0.65
rs113488022,C0025202,23326492,0.65
rs113488022,C0025202,25361077,0.65
rs113488022,C0025202,24942556,0.65
rs113488022,C0025202,23174497,0.65
rs113488022,C0025202,25422890,0.65
rs113488022,C0025202,25890285,0.65
rs113488022,C0025202,25971842,0.65
rs113488022,C0025202,25359093,0.65
rs113488022,C0025202,21430779,0.65
rs113488022,C0025202,18945298,0.65
rs113488022,C0025202,25868080,0.65
rs113488022,C0025202,24879157,0.65
rs113488022,C0025202,23737487,0.65
rs113488022,C0025202,25433395,0.65
rs113488022,C0025202,16413100,0.65
rs113488022,C0025202,15208655,0.65
rs113488022,C0025202,25746038,0.65
rs113488022,C0025202,21635872,0.65
rs113488022,C0025202,25980594,0.65
rs113488022,C0025202,18462259,0.65
rs113488022,C0025202,25517746,0.65
rs113488022,C0025202,27928645,0.65
rs113488022,C0025202,25063807,0.65
rs113488022,C0025202,24531699,0.65
rs113488022,C0025202,18515281,0.65
rs113488022,C0025202,26204954,0.65
rs113488022,C0025202,21364673,0.65
rs113488022,C0025202,17699719,0.65
rs113488022,C0025202,19276360,0.65
rs113488022,C0025202,25523300,0.65
rs113488022,C0025202,20944096,0.65
rs113488022,C0025202,24670642,0.65
rs113488022,C0025202,23650282,0.65
rs113488022,C0025202,24077403,0.65
rs113488022,C0025202,23802768,0.65
rs113488022,C0025202,26356671,0.65
rs113488022,C0025202,12619120,0.65
rs113488022,C0025202,16123397,0.65
rs113488022,C0025202,19351826,0.65
rs113488022,C0025202,25262755,0.65
rs113488022,C0025202,23664541,0.65
rs113488022,C0025202,22235286,0.65
rs113488022,C0025202,25784606,0.65
rs113488022,C0025202,15811117,0.65
rs113488022,C0025202,16912199,0.65
rs113488022,C0025202,25037456,0.65
rs113488022,C0025202,24569374,0.65
rs113488022,C0025202,22614711,0.65
rs113488022,C0025202,23463675,0.65
rs113488022,C0025202,24684646,0.65
rs113488022,C0025202,24448821,0.65
rs113488022,C0025202,26314551,0.65
rs113488022,C0025202,23922205,0.65
rs113488022,C0025202,26731560,0.65
rs113488022,C0025202,26668268,0.65
rs113488022,C0025202,18451171,0.65
rs113488022,C0025202,26828592,0.65
rs113488022,C0025202,23251002,0.65
rs113488022,C0025202,24600206,0.65
rs113488022,C0025202,18715233,0.65
rs113488022,C0025202,24531394,0.65
rs113488022,C0025202,23403819,0.65
rs113488022,C0025202,25358764,0.65
rs113488022,C0025202,18985043,0.65
rs113488022,C0025202,24471189,0.65
rs113488022,C0025202,26807515,0.65
rs113488022,C0025202,22537109,0.65
rs113488022,C0025202,27350555,0.65
rs113488022,C0025202,19345328,0.65
rs113488022,C0025202,23938765,0.65
rs113488022,C0025202,23726842,0.65
rs113488022,C0025202,12794760,0.65
rs113488022,C0025202,25848750,0.65
rs113488022,C0025202,25909885,0.65
rs113488022,C0025202,21570823,0.65
rs113488022,C0025202,19682280,0.65
rs113488022,C0025202,21107320,0.65
rs113488022,C0025202,24531984,0.65
rs113488022,C0025202,14522889,0.65
rs113488022,C0025202,26469830,0.65
rs113488022,C0025202,22895053,0.65
rs113488022,C0025202,25643238,0.65
rs113488022,C0025202,27540599,0.65
rs113488022,C0025202,23770856,0.65
rs113488022,C0025202,25857817,0.65
rs113488022,C0025202,21224857,0.65
rs113488022,C0025202,15760917,0.65
rs113488022,C0025202,16715137,0.65
rs113488022,C0025202,25300205,0.65
rs113488022,C0025202,24535907,0.65
rs113488022,C0025202,25607474,0.65
rs113488022,C0025202,19679016,0.65
rs113488022,C0025202,21725359,0.65
rs113488022,C0025202,25542448,0.65
rs113488022,C0025202,21795305,0.65
rs113488022,C0025202,25117819,0.65
rs113488022,C0025202,25960652,0.65
rs113488022,C0025202,23624923,0.65
rs113488022,C0025202,20735442,0.65
rs113488022,C0025202,16170021,0.65
rs113488022,C0025202,26056325,0.65
rs113488022,C0025202,17974567,0.65
rs113488022,C0025202,22355009,0.65
rs113488022,C0025202,24719071,0.65
rs113488022,C0025202,23302800,0.65
rs113488022,C0025202,23349307,0.65
rs113488022,C0025202,22067401,0.65
rs113488022,C0025202,18524847,0.65
rs113488022,C0025202,17159915,0.65
rs113488022,C0025202,24865425,0.65
rs113488022,C0025202,22091682,0.65
rs113488022,C0025202,25048604,0.65
rs113488022,C0025202,23237741,0.65
rs113488022,C0025202,23651150,0.65
rs113488022,C0025202,12068308,0.65
rs113488022,C0025202,24614711,0.65
rs113488022,C0025202,25265970,0.65
rs113488022,C0025202,24917033,0.65
rs113488022,C0025202,15735667,0.65
rs113488022,C0025202,22809251,0.65
rs113488022,C0025202,22189819,0.65
rs113488022,C0025202,24970815,0.65
rs113488022,C0025202,16540682,0.65
rs113488022,C0025202,18668139,0.65
rs113488022,C0025202,20818844,0.65
rs113488022,C0025202,22608338,0.65
rs113488022,C0025202,19917255,0.65
rs113488022,C0025202,24201813,0.65
rs113488022,C0025202,26637773,0.65
rs113488022,C0025202,18483309,0.65
rs113488022,C0025202,25839886,0.65
rs113488022,C0025202,24710085,0.65
rs113488022,C0025202,25654738,0.65
rs113488022,C0025202,26040620,0.65
rs113488022,C0025202,23455323,0.65
rs113488022,C0025202,18559533,0.65
rs113488022,C0025202,23026937,0.65
rs113488022,C0025202,24625733,0.65
rs113488022,C0025202,26083553,0.65
rs113488022,C0025202,21527556,0.65
rs113488022,C0025202,18473997,0.65
rs113488022,C0025202,25752325,0.65
rs113488022,C0025202,22791410,0.65
rs113488022,C0025202,21788131,0.65
rs113488022,C0025202,22535154,0.65
rs113488022,C0025202,20605766,0.65
rs113488022,C0025202,23159108,0.65
rs113488022,C0025202,26851802,0.65
rs113488022,C0025202,26340744,0.65
rs113488022,C0025202,24756795,0.65
rs113488022,C0025202,25991583,0.65
rs113488022,C0025202,22845480,0.65
rs113488022,C0025202,26936534,0.65
rs113488022,C0025202,25789707,0.65
rs113488022,C0025202,22250191,0.65
rs113488022,C0025202,26782803,0.65
rs113488022,C0025202,25073704,0.65
rs113488022,C0025202,25046227,0.65
rs113488022,C0025202,23362240,0.65
rs113488022,C0025202,23935925,0.65
rs113488022,C0025202,23082737,0.65
rs113488022,C0025202,20425073,0.65
rs113488022,C0025202,24352080,0.65
rs113488022,C0025202,16052531,0.65
rs113488022,C0025202,26825657,0.65
rs113488022,C0025202,22865452,0.65
rs113488022,C0025202,22045652,0.65
rs113488022,C0025202,23329082,0.65
rs113488022,C0025202,26512791,0.65
rs113488022,C0025202,25204436,0.65
rs113488022,C0025202,26058727,0.65
rs113488022,C0025202,23744355,0.65
rs113488022,C0025202,15059882,0.65
rs113488022,C0025202,25624498,0.65
rs113488022,C0025202,22382362,0.65
rs113488022,C0025202,25159853,0.65
rs113488022,C0025202,26565903,0.65
rs113488022,C0025202,17409425,0.65
rs113488022,C0025202,22576211,0.65
rs113488022,C0025202,18679422,0.65
rs113488022,C0025202,24258977,0.65
rs113488022,C0025202,15140228,0.65
rs113488022,C0025202,24717435,0.65
rs113488022,C0025202,23306863,0.65
rs113488022,C0025202,21326296,0.65
rs113488022,C0025202,22113612,0.65
rs113488022,C0025202,23116250,0.65
rs113488022,C0025202,22742884,0.65
rs113488022,C0025202,24422853,0.65
rs113488022,C0025202,24588073,0.65
rs113488022,C0025202,25974027,0.65
rs113488022,C0025202,14691295,0.65
rs113488022,C0025202,26310975,0.65
rs113488022,C0025202,25641840,0.65
rs113488022,C0025202,25611237,0.65
rs113488022,C0025202,21220306,0.65
rs113488022,C0025202,26924424,0.65
rs113488022,C0025202,23584600,0.65
rs113488022,C0025202,24919155,0.65
rs113488022,C0025202,21827678,0.65
rs113488022,C0025202,18227705,0.65
rs113488022,C0025202,16410717,0.65
rs113488022,C0025202,22962325,0.65
rs113488022,C0025202,26183406,0.65
rs113488022,C0025202,26633701,0.65
rs113488022,C0025202,26562020,0.65
rs113488022,C0025202,24858900,0.65
rs113488022,C0025202,22997239,0.65
rs113488022,C0025202,25370533,0.65
rs113488022,C0025202,25472943,0.65
rs113488022,C0025202,21483012,0.65
rs113488022,C0025202,25725450,0.65
rs113488022,C0025202,26815318,0.65
rs113488022,C0025202,15578519,0.65
rs113488022,C0025202,16001072,0.65
rs113488022,C0025202,20068179,0.65
rs113488022,C0025202,14996715,0.65
rs113488022,C0025202,21910007,0.65
rs113488022,C0025202,27354627,0.65
rs113488022,C0025202,22584957,0.65
rs113488022,C0025202,25989506,0.65
rs113488022,C0025202,24746704,0.65
rs113488022,C0025202,26643848,0.65
rs113488022,C0025202,26386083,0.65
rs113488022,C0025202,21262211,0.65
rs113488022,C0025202,24495477,0.65
rs113488022,C0025202,25411185,0.65
rs113488022,C0025202,24345644,0.65
rs113488022,C0025202,26460303,0.65
rs113488022,C0025202,25583765,0.65
rs113488022,C0025202,22549727,0.65
rs113488022,C0025202,17575149,0.65
rs113488022,C0025202,19079609,0.65
rs113488022,C0025202,15781657,0.65
rs113488022,C0025202,24200969,0.65
rs113488022,C0025202,23273605,0.65
rs113488022,C0025202,23489023,0.65
rs113488022,C0025202,25351955,0.65
rs113488022,C0025202,23406774,0.65
rs113488022,C0025202,15641040,0.65
rs113488022,C0025202,23288408,0.65
rs113488022,C0025202,23159116,0.65
rs113488022,C0025202,21274671,0.65
rs113488022,C0025202,25236573,0.65
rs113488022,C0025202,23489578,0.65
rs113488022,C0025202,23621583,0.65
rs113488022,C0025202,15737846,0.65
rs113488022,C0025202,20149136,0.65
rs113488022,C0025202,26365186,0.65
rs113488022,C0025202,25744437,0.65
rs113488022,C0025202,23861977,0.65
rs113488022,C0025202,23704925,0.65
rs113488022,C0025202,24362263,0.65
rs113488022,C0025202,22850568,0.65
rs113488022,C0025202,26673621,0.65
rs113488022,C0025202,21717063,0.65
rs113488022,C0025202,24398428,0.65
rs113488022,C0025202,25976339,0.65
rs113488022,C0025202,18408659,0.65
rs113488022,C0025202,16179870,0.65
rs113488022,C0025202,25952101,0.65
rs113488022,C0025202,24559688,0.65
rs113488022,C0025202,26376781,0.65
rs113488022,C0025202,15935100,0.65
rs113488022,C0025202,21390189,0.65
rs113488022,C0025202,16801397,0.65
rs113488022,C0025202,24118207,0.65
rs113488022,C0025202,23518796,0.65
rs113488022,C0025202,25014231,0.65
rs113488022,C0025202,23454771,0.65
rs113488022,C0025202,20551059,0.65
rs113488022,C0025202,23579220,0.65
rs113488022,C0025202,24259661,0.65
rs113488022,C0025202,28091917,0.65
rs113488022,C0025202,26498038,0.65
rs113488022,C0025202,23831555,0.65
rs113488022,C0025202,23948972,0.65
rs113488022,C0025202,25795007,0.65
rs113488022,C0025202,19187764,0.65
rs113488022,C0025202,26984828,0.65
rs113488022,C0025202,25265492,0.65
rs113488022,C0025202,22395615,0.65
rs113488022,C0025202,24742694,0.65
rs113488022,C0025202,25370471,0.65
rs113488022,C0025202,15145934,0.65
rs113488022,C0025202,18794153,0.65
rs113488022,C0025202,23087082,0.65
rs113488022,C0025202,26787892,0.65
rs113488022,C0025202,23190886,0.65
rs113488022,C0025202,24563339,0.65
rs113488022,C0025202,15277467,0.65
rs113488022,C0025202,24641301,0.65
rs113488022,C0025202,23211290,0.65
rs113488022,C0025202,21430780,0.65
rs113488022,C0025202,21803746,0.65
rs113488022,C0025202,24048637,0.65
rs113488022,C0025202,22261672,0.65
rs113488022,C0025202,24071017,0.65
rs113488022,C0025202,18071315,0.65
rs113488022,C0025202,25538079,0.65
rs113488022,C0025202,20959475,0.65
rs113488022,C0025202,24352648,0.65
rs113488022,C0025202,18790768,0.65
rs113488022,C0025202,15179189,0.65
rs113488022,C0025202,18287029,0.65
rs113488022,C0025202,25814555,0.65
rs113488022,C0025202,27172483,0.65
rs113488022,C0025202,21505227,0.65
rs113488022,C0025202,21639808,0.65
rs113488022,C0025202,17404088,0.65
rs113488022,C0025202,21962474,0.65
rs113488022,C0025202,20973932,0.65
rs113488022,C0025202,25318602,0.65
rs113488022,C0025202,24918823,0.65
rs113488022,C0025202,14522897,0.65
rs113488022,C0025202,25033756,0.65
rs113488022,C0025202,22588879,0.65
rs113488022,C0025202,17001349,0.65
rs113488022,C0025202,20551065,0.65
rs113488022,C0025202,22735384,0.65
rs113488022,C0025202,22796458,0.65
rs113488022,C0025202,21615881,0.65
rs113488022,C0025202,20412787,0.65
rs113488022,C0025202,24610826,0.65
rs113488022,C0025202,22234612,0.65
rs113488022,C0025202,21345796,0.65
rs113488022,C0025202,25228337,0.65
rs113488022,C0025202,15313890,0.65
rs113488022,C0025202,26652624,0.65
rs113488022,C0025202,25034364,0.65
rs113488022,C0025202,12447372,0.65
rs113488022,C0025202,26109403,0.65
rs113488022,C0025202,22588873,0.65
rs113488022,C0025202,27041702,0.65
rs113488022,C0025202,24616537,0.65
rs113488022,C0025202,22730329,0.65
rs113488022,C0025202,20576522,0.65
rs113488022,C0025202,22581800,0.65
rs113488022,C0025202,24425783,0.65
rs113488022,C0025202,22361686,0.65
rs113488022,C0025202,22661227,0.65
rs113488022,C0025202,22553342,0.65
rs113488022,C0025202,23134356,0.65
rs113488022,C0025202,16960555,0.65
rs113488022,C0025202,22241959,0.65
rs113488022,C0025202,26790525,0.65
rs113488022,C0025202,21107323,0.65
rs113488022,C0025202,24508103,0.65
rs113488022,C0025202,16773193,0.65
rs113488022,C0025202,16452469,0.65
rs113488022,C0025202,25997619,0.65
rs113488022,C0025202,23812671,0.65
rs113488022,C0025202,26810733,0.65
rs113488022,C0025202,21793228,0.65
rs113488022,C0025202,18794803,0.65
rs113488022,C0025202,23341544,0.65
rs113488022,C0025202,24220097,0.65
rs113488022,C0025202,12881714,0.65
rs121913364,C0025202,23651150,0.006256648
rs121913364,C0025202,26643848,0.006256648
rs11554290,C0025202,20925915,0.034411562
rs11554290,C0025202,19492075,0.034411562
rs11554290,C0025202,18679422,0.034411562
rs11554290,C0025202,23855428,0.034411562
rs11554290,C0025202,26562020,0.034411562
rs11554290,C0025202,25909885,0.034411562
rs11554290,C0025202,15760917,0.034411562
rs11554290,C0025202,25048604,0.034411562
rs11554290,C0025202,25341653,0.034411562
rs11554290,C0025202,20149136,0.034411562
rs11554290,C0025202,23704925,0.034411562
rs121913513,C0025202,16647948,0.015641619
rs121913513,C0025202,19671763,0.015641619
rs121913513,C0025202,19718013,0.015641619
rs121913513,C0025202,17372901,0.015641619
rs121913513,C0025202,16741525,0.015641619