Variant ID,Variant Name,Variant Symbol,Gene IDs,Gene Symbols,Location,VA count,CA count,Level 1/2 CA count,DG count,Haplotype,Synonyms
PA166179534,CM000663.2:g.97595080A>T,Val313Leu,PA145,DPYD,[GRCh38]chr1:97595080,0,0,0,0,No,"[GRCh38]chr1:97595080, CM000663.2:g.97595080A>T"
PA166156302,rs1000002,rs1000002,PA395,ABCC5,[GRCh37]chr3:183635768,0,0,0,0,No,"rs17623022, NC_000003.12:g.183917980C>T, rs386508637, rs1000002, [GRCh37]chr3:183635768, rs60664316, NC_000003.11:g.183635768C>T"
PA166156746,rs1000113,rs1000113,,,[GRCh37]chr5:150240076,1,0,0,0,No,"[GRCh37]chr5:150240076, NC_000005.9:g.150240076C>T, rs1000113, rs58108943, NC_000005.10:g.150860514C>T, XM_011537641.1:c.531+11860C>T"
PA166177121,rs10007051,rs10007051,,,[GRCh37]chr4:130165464,0,1,0,0,No,"[GRCh38]chr4:129244309, rs10007051, [GRCh37.p13]chr4:130165464"
PA166156636,rs10008257,rs10008257,,,[GRCh37]chr4:95356328,1,0,0,0,No,"rs10008257, rs60883953, NC_000004.11:g.95356328G>A, [GRCh37]chr4:95356328, NC_000004.12:g.94435177G>A"
PA166165401,rs1000940,rs1000940,PA134884097,RABEP1,[GRCh37]chr17:5283252,1,1,0,0,No,"rs1000940, [GRCh37.p13]chr17:5283252"
PA166154306,rs1001179,rs1001179,PA26099,CAT,[GRCh37]chr11:34460231,3,1,0,0,No,"NC_000011.9:g.34460231C>T, NM_001752.3:c.-330C>T, NG_013339.1:g.4760C>T, rs17879971, NC_000011.10:g.34438684C>T, rs1001179, rs60285691, rs36224099, [GRCh37]chr11:34460231, rs386508782"
PA166156637,rs10011796,rs10011796,PA390,ABCG2,[GRCh37]chr4:89090877,0,0,0,0,No,"NM_001257386.1:c.-19-29711A>G, NC_000004.12:g.88169725T>C, NC_000004.11:g.89090877T>C, rs61380906, XM_005263355.1:c.-19-29711A>G, XM_005263355.2:c.-19-29711A>G, XM_011532420.1:c.-19-29711A>G, [GRCh37]chr4:89090877, rs10011796, NG_032067.2:g.66598A>G"
PA166155586,rs10012,rs10012,PA27094,CYP1B1,[GRCh37]chr2:38302390,1,0,0,0,Yes,"rs3172104, NG_008386.2:g.5855C>G, NP_000095.2:p.R48G, rs58311708, [GRCh37]chr2:38302390, NM_000104.3:c.142C>G, rs17021919, [GRCh38]chr2:38075247, NC_000002.12:g.38075247G>C, XM_011533236.1:c.-140G>C, rs10012, NP_000095.2:p.Arg48Gly, NC_000002.11:g.38302390G>C"
PA166165350,rs10024471,rs10024471,,,[GRCh37]chr4:126494937,0,0,0,0,No,"[GRCh37.p13]chr4:126494937, rs10024471"
PA166180083,rs10028494,rs10028494,PA361,UGT2B7,[GRCh37]chr4:69970937,0,1,0,0,No,"[GRCh38]chr4:69105219, rs10028494, [GRCh37.p13]chr4:69970937"
PA166178380,rs1002976,rs1002976,,,[GRCh37]chr4:177548598,0,0,0,0,No,"rs1002976, [GRCh37.p13]chr4:177548598, [GRCh38]chr4:176627447"
PA166156638,rs10030044,rs10030044,,,[GRCh37]chr4:157011923,1,1,0,0,No,"NC_000004.12:g.156090771G>T, rs58720270, [GRCh37]chr4:157011923, rs10030044, NC_000004.11:g.157011923G>T"
PA166156639,rs10033464,rs10033464,,,[GRCh37]chr4:111720761,3,0,0,0,No,"NC_000004.12:g.110799605T>G, rs10033464, rs58654210, NC_000004.11:g.111720761T>G, [GRCh37]chr4:111720761, rs45629363"
PA166156640,rs10033900,rs10033900,PA29641,CFI,[GRCh37]chr4:110659067,0,0,0,0,No,"NC_000004.12:g.109737911T>C, XM_011531920.1:c.1558+4580A>G, rs17537594, [GRCh37]chr4:110659067, NC_000004.11:g.110659067T>C, rs58846475, rs10033900"
PA166156641,rs10034692,rs10034692,PA24933,AREG,[GRCh37]chr4:75419787,1,0,0,0,No,"NC_000004.11:g.75419787A>G, NC_000004.12:g.74554070A>G, rs61009756, [GRCh37]chr4:75419787, rs10034692, NW_003571035.1:g.37578A>G"
PA166156852,rs10035440,rs10035440,PA144596503,C5orf22,[GRCh37]chr5:31539463,0,0,0,0,No,"rs56434987, XM_011514062.1:c.900+667T>C, NM_018356.2:c.807+667T>C, NR_134298.1:n.710+667T>C, rs13155198, rs58924525, [GRCh37]chr5:31539463, XR_241704.1:n.934+667T>C, XM_006714479.1:c.555+667T>C, rs59453111, NC_000005.10:g.31539356T>C, XM_006714480.2:c.12+667T>C, rs10035440, XM_005248319.1:c.12+667T>C, XM_005248319.2:c.12+667T>C, NC_000005.9:g.31539463T>C"
PA166156853,rs10036156,rs10036156,PA28503,GABRP,[GRCh37]chr5:170215638,0,1,0,0,No,"XM_005265874.1:c.19T>C, XP_005265928.1:p.Leu7=, NC_000005.10:g.170788634T>C, NP_055026.1:p.Leu7=, NM_014211.2:c.19T>C, NP_001278914.1:p.Leu7=, XM_011534503.1:c.19T>C, XP_011532807.1:p.Leu7=, XM_005265872.1:c.-100T>C, XM_011534505.1:c.19T>C, XP_005265931.1:p.Leu7=, XP_011532804.1:p.Leu7=, NC_000005.9:g.170215638T>C, XM_005265873.1:c.19T>C, XM_011534506.1:c.19T>C, XM_005265871.1:c.19T>C, XP_011532806.1:p.Leu7=, [GRCh37]chr5:170215638, NP_001278914.1:p.L7L, XM_011534504.1:c.19T>C, XP_005265930.1:p.Leu7=, XP_011532808.1:p.Leu7=, XM_011534502.1:c.19T>C, XP_011532805.1:p.Leu7=, rs10036156, rs57333818, NM_001291985.1:c.19T>C, XM_005265872.2:c.-100T>C"
PA166154307,rs1003641,rs1003641,,,[GRCh37]chr11:113273636,1,0,0,0,No,"NC_000011.10:g.113402914A>G, rs2587549, rs1003641, NC_000011.9:g.113273636A>G, rs61353280, [GRCh37]chr11:113273636"
PA166160765,rs10037713,rs10037713,PA165660455,RICTOR,[GRCh37]chr5:39051341,0,0,0,0,No,"[GRCh38]chr5:39051239, [GRCh37]chr5:39051341, rs10037713"
PA166156854,rs10038095,rs10038095,PA189,HMGCR,[GRCh37]chr5:74637711,0,0,0,0,Yes,"rs17648084, [GRCh38]chr5:75341886, NC_000005.10:g.75341886A>T, NC_000005.9:g.74637711A>T, NG_011449.1:g.9719A>T, XM_005248492.1:c.38-697A>T, XM_011543359.1:c.38-697A>T, NM_000859.2:c.-23-697A>T, XM_011543357.1:c.38-697A>T, rs57479265, NM_001130996.1:c.-23-697A>T, rs17238386, XM_011543358.1:c.-23-697A>T, rs10038095, [GRCh37]chr5:74637711"
PA166169977,rs10040363,rs10040363,PA37423,XRCC4,[GRCh37]chr5:82473645,1,1,0,0,No,"[GRCh37.p13]chr5:82473645, rs10040363"
PA166156855,rs10042486,rs10042486,PA192,HTR1A,[GRCh37]chr5:63261329,0,2,0,0,No,"[GRCh37]chr5:63261329, NC_000005.9:g.63261329C>T, NG_032816.1:g.1791G>A, rs10042486, NC_000005.10:g.63965502C>T"
PA166154837,rs10046,rs10046,PA27091,CYP19A1,[GRCh37]chr15:51502986,2,1,0,0,No,"rs59469642, rs3169030, XM_005254191.1:c.*19C>T, [GRCh37]chr15:51502986, NG_007982.1:g.132810C>T, XR_932222.1:n.99-67194G>A, NC_000015.9:g.51502986G>A, NC_000015.10:g.51210789G>A, NM_031226.2:c.*19C>T, rs386509163, XM_005254192.1:c.*19C>T, NM_000103.3:c.*19C>T, XM_005254190.1:c.*19C>T, rs10046"
PA166155001,rs1004749,rs1004749,PA306,SCNN1B,[GRCh37]chr16:23314851,0,0,0,0,Yes,"XM_005255467.1:c.-470A>C, XM_011545913.1:c.-1+1093A>C, [GRCh37]chr16:23314851, NC_000016.9:g.23314851A>C, NM_000336.2:c.-9+1093A>C, NG_011908.1:g.6261A>C, [GRCh38]chr16:23303530, NC_000016.10:g.23303530A>C, rs1004749"
PA166155243,rs10048158,rs10048158,,,[GRCh37]chr17:64236318,1,0,0,0,No,"rs17691108, rs10048158, [GRCh37]chr17:64236318, NC_000017.10:g.64236318T>C, rs59335053, NC_000017.11:g.66240200T>C"
PA166156436,rs10049380,rs10049380,"PA29959,PA363","ITGB5,UMPS",[GRCh37]chr3:124487443,1,0,0,0,No,"NC_000003.12:g.124768596T>C, rs10049380, NM_002213.4:c.2017+417A>G, [GRCh37]chr3:124487443, NC_000003.11:g.124487443T>C, XM_005247436.2:c.1927+417A>G, XM_005247436.1:c.1927+417A>G, XM_006713630.2:c.1882+417A>G, rs59662485"
PA166156967,rs1005230,rs1005230,PA37302,VEGFA,[GRCh37]chr6:43736496,1,0,0,0,No,"NM_001317010.1:c.-2488T>C, NM_001204385.1:c.-1948T>C, NM_001171622.1:c.-1948T>C, NG_008732.1:g.3544T>C, rs2782257, rs61708505, [GRCh37]chr6:43736496, NM_001025370.2:c.-1948T>C, NM_001171623.1:c.-2488T>C, rs36208052, NM_003376.5:c.-1948T>C, rs1005230, NM_001025366.2:c.-1948T>C, NM_001025367.2:c.-1948T>C, NM_001025368.2:c.-1948T>C, NM_001025369.2:c.-1948T>C, NC_000006.11:g.43736496T>C, NM_001171630.1:c.-2488T>C, NM_001033756.2:c.-1948T>C, NM_001171624.1:c.-2488T>C, NC_000006.12:g.43768759T>C, NM_001171626.1:c.-2488T>C, NM_001204384.1:c.-2488T>C, NM_001171625.1:c.-2488T>C, NM_001171629.1:c.-2488T>C, NM_001171627.1:c.-2488T>C, NM_001171628.1:c.-2488T>C"
PA166176620,rs10052957,rs10052957,PA181,NR3C1,[GRCh37]chr5:142786701,0,0,0,0,No,"[GRCh37.p13]chr5:142786701, [GRCh38]chr5:143407136, rs10052957"
PA166169847,rs10052999,rs10052999,PA25921,C6,[GRCh37]chr5:41165744,0,1,0,0,No,"[GRCh37.p13]chr5:41165744, rs10052999"
PA166154308,rs1005510,rs1005510,PA35029,SERPING1,[GRCh37]chr11:57367222,0,0,0,0,No,"XM_005274204.1:c.52-115C>T, [GRCh37]chr11:57367222, NM_001032295.1:c.52-130C>T, NC_000011.9:g.57367222C>T, rs17661039, XM_005274205.1:c.52-130C>T, rs1005510, NC_000011.10:g.57599749C>T, NM_000062.2:c.52-130C>T, rs386509256, rs57537124, NG_009625.1:g.7196C>T"
PA166156856,rs10061133,rs10061133,"PA145149217,PA164722718,PA164722719","CDC20B,MIR449A,MIR449B",[GRCh37]chr5:54466544,0,0,0,0,No,"NM_001170402.1:c.126+1872T>C, NM_001145734.2:c.126+1872T>C, NR_029960.1:n.-94T>C, XM_011543218.1:c.126+1872T>C, rs10061133, NC_000005.10:g.55170716A>G, [GRCh37]chr5:54466544, NM_152623.2:c.126+1872T>C, NR_030387.1:n.27T>C, XM_005248450.1:c.126+1872T>C, NC_000005.9:g.54466544A>G"
PA166169473,rs10065756,rs10065756,PA36055,SPARC,[GRCh37]chr5:151058946,0,0,0,0,No,"[GRCh37.p13]chr5:151058946, rs10065756"
PA166154507,rs1006737,rs1006737,PA83,CACNA1C,[GRCh37]chr12:2345295,1,1,0,0,No,"NM_001129832.1:c.477+115699G>A, XM_011521023.1:c.477+115699G>A, XM_005253777.1:c.486+115699G>A, XM_005253785.1:c.486+115699G>A, NM_001167624.2:c.477+115699G>A, [GRCh37]chr12:2345295, NM_001129840.1:c.477+115699G>A, NM_001129837.1:c.477+115699G>A, XM_005253772.1:c.486+115699G>A, XM_005253769.1:c.486+115699G>A, NM_001129844.1:c.477+115699G>A, XM_011521020.1:c.567+115699G>A, XM_011521018.1:c.-642+115699G>A, rs58172614, NC_000012.12:g.2236129G>A, XM_005253770.1:c.486+115699G>A, XM_005253780.1:c.486+115699G>A, XM_005253786.1:c.486+115699G>A, XM_005253776.1:c.486+115699G>A, NM_001129831.1:c.477+115699G>A, NM_001129841.1:c.477+115699G>A, NM_001129833.1:c.477+115699G>A, NM_001129843.1:c.477+115699G>A, XM_011521021.1:c.477+115699G>A, rs1006737, NM_001129839.1:c.477+115699G>A, XM_005253768.1:c.486+115699G>A, NM_001129829.1:c.477+115699G>A, XM_005253778.1:c.486+115699G>A, NG_008801.2:g.270344G>A, XM_011521022.1:c.477+115699G>A, rs60975541, XM_006719017.1:c.567+115699G>A, NM_000719.6:c.477+115699G>A, NM_001129838.1:c.477+115699G>A, XM_005253787.1:c.486+115699G>A, NC_000012.11:g.2345295G>A, NM_001129842.1:c.477+115699G>A, XM_005253781.1:c.486+115699G>A, XM_005253771.1:c.486+115699G>A, XM_005253767.1:c.486+115699G>A, XM_005253782.1:c.486+115699G>A, NM_001167625.1:c.477+115699G>A, XM_005253775.1:c.486+115699G>A, NM_001129827.1:c.477+115699G>A, NM_001129830.1:c.477+115699G>A, NM_001129834.1:c.477+115699G>A, XM_005253766.1:c.486+115699G>A, XM_005253779.1:c.486+115699G>A, NM_199460.3:c.477+115699G>A, XM_005253783.1:c.486+115699G>A, XM_005253773.1:c.486+115699G>A, NM_001129846.1:c.477+115699G>A, NM_001129830.2:c.477+115699G>A, NM_001129836.1:c.477+115699G>A, XM_005253765.1:c.567+115699G>A, NM_001167623.1:c.477+115699G>A, XM_005253774.1:c.486+115699G>A, XM_005253784.1:c.486+115699G>A, NM_001129835.1:c.477+115699G>A"
PA166156857,rs10068980,rs10068980,PA28489,GABRA1,[GRCh37]chr5:161287847,0,0,0,0,No,"NM_000806.5:c.188-4880G>A, NM_001127644.1:c.188-4880G>A, NC_000005.10:g.161860841G>A, NM_001127643.1:c.188-4880G>A, NM_001127645.1:c.188-4880G>A, NC_000005.9:g.161287847G>A, NG_011548.1:g.18651G>A, rs61304955, [GRCh37]chr5:161287847, rs10068980, NM_001127648.1:c.188-4880G>A"
PA166156858,rs10070381,rs10070381,,,[GRCh37]chr5:84241611,1,0,0,0,No,"NC_000005.10:g.84945793T>C, NC_000005.9:g.84241611T>C, [GRCh37]chr5:84241611, rs10070381"
PA166156859,rs10072026,rs10072026,"PA143,PA31134","DHFR,MSH3",[GRCh37]chr5:79945140,1,0,0,0,No,"NR_110936.1:n.684+68A>G, NC_000005.9:g.79945140T>C, rs59805063, [GRCh37]chr5:79945140, rs10072026, NC_000005.10:g.80649321T>C, XM_005248456.1:c.86+68A>G, NG_023304.1:g.10661A>G, XM_005248455.1:c.131+68A>G, NM_001290357.1:c.242+68A>G, NM_000791.3:c.242+68A>G, NM_001290354.1:c.86+68A>G"
PA166155002,rs1007869,rs1007869,,,[GRCh37]chr16:87616919,0,0,0,0,No,"NC_000016.10:g.87583313C>T, rs1007869, NC_000016.9:g.87616919C>T, [GRCh37]chr16:87616919"
PA166156060,rs1007888,rs1007888,PA183,GSTT1,[GRCh37]chr22:24241101,1,0,0,0,No,"NR_038911.1:n.17G>A, rs386509558, NC_000022.11:g.23898914C>T, NT_187633.1:g.135276C>T, NC_000022.10:g.24241101C>T, rs1007888, XR_244371.1:n.192G>A, rs60338167, [GRCh37]chr22:24241101"
PA166156860,rs10085144,rs10085144,,,[GRCh37]chr5:84240377,1,0,0,0,No,"NC_000005.10:g.84944559A>G, rs10085144, NC_000005.9:g.84240377A>G, rs59628123, [GRCh37]chr5:84240377"
PA166154854,rs1008805,rs1008805,PA27091,CYP19A1,[GRCh37]chr15:51549599,3,2,0,0,No,"rs59338666, XR_932222.1:n.99-20581G>A, rs386509658, NM_000103.3:c.-38-14452C>T, [GRCh37]chr15:51549599, NG_007982.1:g.86197C>T, NM_031226.2:c.-38-14452C>T, NC_000015.10:g.51257402G>A, NC_000015.9:g.51549599G>A, rs1008805, XM_005254191.1:c.-38-14452C>T"
PA166155276,rs1008899,rs1008899,PA31534,NEDD4L,[GRCh37]chr18:55862847,2,0,0,0,No,"XM_005266669.1:c.-242+29754G>A, NM_001144969.1:c.98+29754G>A, NM_001144967.2:c.122+29754G>A, NM_001243960.1:c.122+29754G>A, XR_935528.1:n.96C>T, XM_006722426.2:c.122+29754G>A, XR_935527.1:n.96C>T, XM_006722430.2:c.-360G>A, NM_001144968.1:c.98+29754G>A, NM_015277.5:c.122+29754G>A, XR_935530.1:n.82C>T, NC_000018.10:g.58195615G>A, NC_000018.9:g.55862847G>A, NG_029954.1:g.156238G>A, NM_001144971.1:c.-320+29754G>A, NM_001144964.1:c.-242+29754G>A, XM_005266672.1:c.-360G>A, NM_001144970.2:c.-360G>A, rs1008899, XM_005266666.1:c.122+29754G>A, XM_006722428.2:c.122+29754G>A, rs59250638, XM_011525887.1:c.98+29754G>A, XR_935529.1:n.62C>T, XM_005266670.1:c.-360G>A, XM_005266668.1:c.-242+29754G>A, NM_001144965.1:c.-242+29754G>A, [GRCh37]chr18:55862847"
PA166157629,rs10090884,rs10090884,PA28587,GATA4,[GRCh37]chr8:11599570,0,0,0,0,No,"XM_006716249.2:c.-5-6855A>C, NM_001308093.1:c.617-6855A>C, XM_005272387.1:c.-5-6855A>C, NG_008177.2:g.70143A>C, XM_005272384.1:c.617-6855A>C, NM_002052.4:c.617-6858A>C, XM_005272386.1:c.617-6855A>C, rs60444879, NC_000008.11:g.11742061A>C, XM_011543817.1:c.617-6855A>C, rs10090884, XM_005272385.3:c.617-6855A>C, XM_011543818.1:c.617-6855A>C, NC_000008.10:g.11599570A>C, NM_001308094.1:c.-5-6855A>C, XM_006716248.1:c.617-6855A>C, XM_005272385.1:c.617-6855A>C, [GRCh37]chr8:11599570"
PA166170286,rs10102851,rs10102851,"PA24792,PA30701","ANGPT2,MCPH1",[GRCh37]chr8:6374065,0,0,0,0,No,"rs10102851, [GRCh37.p13]chr8:6374065"
PA166177315,rs10105409,rs10105409,PA28587,GATA4,[GRCh37]chr8:11572088,0,0,0,0,No,"rs10105409, [GRCh38]chr8:11714579, [GRCh37.p13]chr8:11572088"
PA166157698,rs10106,rs10106,PA167,FPGS,[GRCh37]chr9:130576075,4,0,0,0,No,"NC_000009.12:g.127813796T>C, XM_005251864.1:c.1484-412T>C, XR_242581.2:n.1853T>C, NM_001018078.2:c.*192T>C, rs16930111, XR_242582.2:n.1381-412T>C, rs3181756, NC_000009.11:g.130576075T>C, NR_110170.1:n.2004T>C, XR_242582.1:n.1362-412T>C, NG_023245.1:g.15922T>C, [GRCh37]chr9:130576075, XM_005251863.1:c.*192T>C, NM_004957.5:c.*192T>C, XM_005251865.1:c.*192T>C, NM_001288803.1:c.*192T>C, XM_005251864.2:c.1484-412T>C, XM_011518437.1:c.*192T>C, rs10106, XM_011518439.1:c.*192T>C, NG_009551.1:g.45973A>G, XM_011518438.1:c.*192T>C, XR_242581.1:n.1834T>C"
PA166157858,rs1010978,rs1010978,PA35860,SLC25A14,[GRCh37]chrX:129479460,1,0,0,0,No,"XR_244526.1:n.323+211T>C, XR_244527.1:n.323+211T>C, XM_011531402.1:c.196+211T>C, XM_005262487.1:c.160+211T>C, XM_005262489.1:c.15-3765T>C, XM_011531403.1:c.64+211T>C, XM_005262485.1:c.253+211T>C, rs17268202, NM_022810.1:c.160+211T>C, XM_005262489.3:c.15-3765T>C, XM_011531405.1:c.64+211T>C, rs1010978, NC_000023.10:g.129479460T>C, NM_001282195.1:c.169+211T>C, NM_001282198.1:c.64+211T>C, NR_104107.1:n.183+211T>C, NG_012850.1:g.10414T>C, NM_003951.2:c.169+211T>C, NM_001282196.1:c.160+211T>C, [GRCh37]chrX:129479460, XM_005262488.1:c.64+211T>C, NC_000023.11:g.130345486T>C, XM_011531404.1:c.160+211T>C, XM_005262486.1:c.169+211T>C, NM_001282197.1:c.160+211T>C"
PA166160169,rs1011219,rs1011219,PA162388384,FERMT3,[GRCh37]chr11:63973396,1,0,0,0,No,"[GRCh38]chr11:64205924, rs1011219, [GRCh37]chr11:63973396"
PA166177317,rs10112596,rs10112596,PA28587,GATA4,[GRCh37]chr8:11579802,0,0,0,0,No,"[GRCh38]chr8:11722293, [GRCh37.p13]chr8:11579802, rs10112596"
PA166156968,rs1011313,rs1011313,PA27512,DTNBP1,[GRCh37]chr6:15633432,0,0,0,0,No,"XM_005249447.1:c.183+4543A>G, XM_011514936.1:c.132+4543A>G, NM_183040.2:c.222+4543A>G, NG_009309.1:g.34840A>G, NM_001271669.1:c.117+4543A>G, [GRCh37]chr6:15633432, NM_001271667.1:c.-22+4543A>G, rs1011313, NC_000006.11:g.15633432T>C, NM_001271668.1:c.171+4543A>G, NM_032122.4:c.222+4543A>G, NC_000006.12:g.15633201T>C, NR_036448.1:n.550+4543A>G, XM_005249447.3:c.183+4543A>G, rs60265531, rs74291082"
PA166157800,rs10118746,rs10118746,PA38725,KCNT1,[GRCh37]chr9:138653652,0,0,0,0,No,"rs10118746, XM_011518878.1:c.1179+1947A>G, XM_011518880.1:c.936+1947A>G, NM_020822.2:c.1035+1947A>G, NC_000009.11:g.138653652A>G, [GRCh37]chr9:138653652, NG_033070.1:g.64622A>G, XM_011518879.1:c.1170+1947A>G, rs59456567, XM_011518877.1:c.1170+1947A>G, XM_011518881.1:c.525+1947A>G, XM_005263407.1:c.1035+1947A>G, NM_001272003.1:c.900+1947A>G, NC_000009.12:g.135761806A>G"
PA166154691,rs1012053,rs1012053,PA27315,DGKH,[GRCh37]chr13:42653437,1,0,0,0,No,"rs1750010, NC_000013.10:g.42653437C>A, rs59812619, [GRCh37]chr13:42653437, NM_001204504.2:c.192+30336C>A, NM_178009.4:c.192+30336C>A, rs12863806, rs1012053, NC_000013.11:g.42079301C>A, NM_152910.5:c.192+30336C>A, XM_005266270.1:c.192+30336C>A, NG_029191.3:g.44266C>A"
PA166157801,rs10120688,rs10120688,PA164717802,CDKN2B-AS1,[GRCh37]chr9:22056499,0,0,0,0,No,"NR_003529.3:n.1388+113G>A, NR_047532.1:n.1075+113G>A, NR_047536.1:n.644+7272G>A, NC_000009.12:g.22056500G>A, NR_047535.1:n.780+113G>A, NR_047533.1:n.644+7272G>A, rs10120688, NR_047540.1:n.780+113G>A, NR_047542.1:n.780+113G>A, [GRCh37]chr9:22056499, NR_047534.1:n.644+7272G>A, rs60168433, NR_047538.1:n.644+7272G>A, NC_000009.11:g.22056499G>A, NR_047537.1:n.780+113G>A, NR_047539.1:n.1388+113G>A, NR_047543.1:n.780+113G>A, NR_120536.1:n.644+7272G>A, NR_047541.1:n.780+113G>A"
PA166157802,rs10121600,rs10121600,PA28983,GRIN3A,[GRCh37]chr9:104378003,0,1,0,0,No,"XR_929711.1:n.2702-2194G>A, rs52821458, rs61662375, XM_011518211.1:c.2615-2194G>A, XM_011518212.1:c.2615-2194G>A, [GRCh37]chr9:104378003, rs10121600, NC_000009.12:g.101615721C>T, NC_000009.11:g.104378003C>T, NM_133445.2:c.2615-2194G>A"
PA166155985,rs1012335,rs1012335,PA29670,IFNAR1,[GRCh37]chr21:34714007,1,0,0,0,No,"rs1012335, NC_000021.8:g.34714007G>C, rs2856970, XM_011529552.1:c.376+527G>C, NC_000021.9:g.33341701G>C, XM_005260964.1:c.169+527G>C, rs17875815, [GRCh37]chr21:34714007, NM_000629.2:c.376+527G>C, rs61284340"
PA166177127,rs10123866,rs10123866,PA38472,INVS,[GRCh37]chr9:103063645,0,1,0,0,No,"[GRCh37.p13]chr9:103063645, [GRCh38]chr9:100301363, rs10123866"
PA166177128,rs10124893,rs10124893,PA134991964,TEX10,[GRCh37]chr9:103065265,0,1,0,0,No,"rs10124893, [GRCh38]chr9:100302983, [GRCh37.p13]chr9:103065265"
PA166155003,rs1012650,rs1012650,,,[GRCh37]chr16:26511546,1,0,0,0,No,"NC_000016.10:g.26500225C>T, NC_000016.9:g.26511546C>T, rs1012650, rs111192057, rs59648671, [GRCh37]chr16:26511546"
PA166169901,rs10132552,rs10132552,PA30737,MEG3,[GRCh37]chr14:101301012,0,1,0,0,No,"[GRCh37.p13]chr14:101301012, rs10132552"
PA166154819,rs10140457,rs10140457,PA27886,ESR2,[GRCh37]chr14:64716693,0,1,0,0,No,"NC_000014.9:g.64249975A>C, NR_073505.1:n.1835-296T>G, NG_011535.1:g.93576T>G, NM_001271877.1:c.952+10474T>G, NM_001291712.1:c.1092-296T>G, rs58367654, NM_001437.2:c.1092-296T>G, NR_073497.1:n.1060-296T>G, [GRCh37]chr14:64716693, NC_000014.8:g.64716693A>C, rs10140457, NR_073496.1:n.1696-296T>G, NM_001271876.1:c.1092-296T>G, XM_011536545.1:c.1092-296T>G, NM_001214903.1:c.1092-296T>G, NM_001214902.1:c.1092-296T>G, NM_001040275.1:c.1092-296T>G, XM_011536546.1:c.1092-296T>G, NM_001291723.1:c.1092-296T>G"
PA166154820,rs10144771,rs10144771,PA35033,SERPINA6,[GRCh37]chr14:94778653,1,0,0,0,No,"NC_000014.8:g.94778653A>G, NT_187601.1:g.1426878A>G, NC_000014.9:g.94312316A>G, NM_001756.3:c.613+1720T>C, [GRCh37]chr14:94778653, rs10144771, NG_011796.1:g.16036T>C, rs60270135"
PA166165180,rs10147475,rs10147475,PA134878665,DHRS4L1,[GRCh37]chr14:24489235,1,0,0,0,No,"rs10147475, [GRCh37.p13]chr14:24489235"
PA166154821,rs10148269,rs10148269,PA27886,ESR2,[GRCh37]chr14:64736924,0,0,0,0,No,"NC_000014.9:g.64270206A>G, NM_001271876.1:c.536-1295T>C, NR_073497.1:n.453-1295T>C, XM_011536546.1:c.536-1295T>C, NM_001271877.1:c.536-1295T>C, [GRCh37]chr14:64736924, rs10148269, NM_001214902.1:c.536-1295T>C, XM_011536545.1:c.536-1295T>C, NG_011535.1:g.73345T>C, NM_001437.2:c.536-1295T>C, NR_073505.1:n.1279-1295T>C, NM_001291712.1:c.536-1295T>C, rs61327453, NR_073496.1:n.1279-1295T>C, NM_001291723.1:c.536-1295T>C, NM_001040275.1:c.536-1295T>C, NM_001214903.1:c.536-1295T>C, NC_000014.8:g.64736924A>G"
PA166153799,rs10157410,rs10157410,PA271,PLA2G4A,[GRCh37]chr1:186947224,1,1,0,0,No,"NM_024420.2:c.1960+304G>C, NG_012203.1:g.154193G>C, NC_000001.10:g.186947224G>C, XM_005245267.1:c.1849+304G>C, XM_011509643.1:c.1960+304G>C, [GRCh37]chr1:186947224, XM_005245267.2:c.1849+304G>C, XR_921838.1:n.1858+304G>C, XM_005245268.1:c.1780+304G>C, rs56527119, NM_001311193.1:c.1780+304G>C, NC_000001.11:g.186978092G>C, rs10157410, XM_011509641.1:c.1981+304G>C, XM_011509642.1:c.1960+304G>C"
PA166154611,rs10161126,rs10161126,PA31331,MVK,[GRCh37]chr12:110042348,0,1,0,0,No,"[GRCh37]chr12:110042348, rs59326496, rs10161126, NC_000012.11:g.110042348A>G, NC_000012.12:g.109604543A>G"
PA166156498,rs1017733,rs1017733,PA27856,EREG,[GRCh37]chr4:75252350,1,0,0,0,No,"NC_000004.12:g.74386633C>T, NM_001432.2:c.*1825C>T, [GRCh37]chr4:75252350, rs1017733, NC_000004.11:g.75252350C>T, rs60002456, rs61714962"
PA166155277,rs1017860,rs1017860,PA31582,NFATC1,[GRCh37]chr18:77172206,1,0,0,0,No,"XM_005266701.1:c.1193+705T>C, XM_005266702.1:c.1226+705T>C, NM_172388.2:c.-191+15855T>C, rs59239647, rs1017860, NC_000018.9:g.77172206T>C, NM_001278673.1:c.-191+11727T>C, NM_001278670.1:c.1226+705T>C, [GRCh37]chr18:77172206, NM_006162.4:c.1226+705T>C, NM_001278672.1:c.1187+705T>C, NM_172387.2:c.1187+705T>C, NM_172390.2:c.1226+705T>C, NC_000018.10:g.79412206T>C, NG_029226.1:g.21435T>C, NM_001278675.1:c.1187+705T>C, NM_001278669.1:c.1226+705T>C, NM_172389.2:c.1187+705T>C"
PA166155612,rs1018124,rs1018124,"PA420,PA37174,PA37178,PA37179,PA37180,PA37181,PA37182,PA37183,PA419","UGT1A1,UGT1A10,UGT1A3,UGT1A4,UGT1A5,UGT1A6,UGT1A7,UGT1A8,UGT1A9",[GRCh37]chr2:234676118,0,0,0,0,No,"NC_000002.11:g.234676118A>G, NM_000463.2:c.996+307A>G, XR_241240.1:n.1154+307A>G, NM_019077.2:c.987+307A>G, NM_205862.1:c.192+307A>G, NM_019075.2:c.987+307A>G, NC_000002.12:g.233767472A>G, rs1018124, NM_019093.2:c.999+307A>G, XR_241238.1:n.1055+307A>G, NM_019078.1:c.999+307A>G, NG_033238.1:g.12200A>G, NM_007120.2:c.999+307A>G, NM_001072.3:c.993+307A>G, XR_241239.1:n.1018+307A>G, [GRCh37]chr2:234676118, NM_019076.4:c.987+307A>G, NG_002601.2:g.182729A>G, NM_021027.2:c.987+307A>G, rs36009860, XR_241241.1:n.1073+307A>G"
PA166155776,rs10182702,rs10182702,PA29604,ABCA12,[GRCh37]chr2:215980683,1,0,0,0,No,"NM_173076.2:c.70-4270G>A, NC_000002.11:g.215980683C>T, NC_000002.12:g.215115960C>T, NR_103740.1:n.290-4270G>A, XM_011510951.1:c.70-4270G>A, [GRCh37]chr2:215980683, XM_011510952.1:c.70-4270G>A, rs58574043, rs10182702, NG_007074.1:g.27469G>A"
PA166155777,rs10187694,rs10187694,"PA37174,PA142670639,PA37183","UGT1A10,UGT1A13P,UGT1A8",[GRCh37]chr2:234545583,1,0,0,0,Yes,"rs10187694, rs17866722, NP_061948.1:p.Glu139Lys, NC_000002.11:g.234545583G>A, [GRCh38]chr2:233636937, NP_061948.1:p.E139K, NG_002601.2:g.52194G>A, NM_019076.4:c.855+18375G>A, NC_000002.12:g.233636937G>A, rs59120771, rs52814386, NM_019075.2:c.415G>A, [GRCh37]chr2:234545583"
PA166155778,rs10188577,rs10188577,PA301,SCN1A,[GRCh37]chr2:166915897,1,0,0,0,No,"NM_001165963.1:c.265-699A>G, NG_011906.1:g.19253A>G, XM_011511599.1:c.265-699A>G, rs10188577, XM_011511606.1:c.265-699A>G, NM_001202435.1:c.265-699A>G, rs17737907, NC_000002.11:g.166915897T>C, XM_011511600.1:c.265-699A>G, XM_011511602.1:c.265-699A>G, XM_011511604.1:c.265-699A>G, [GRCh37]chr2:166915897, AB093548.1:c.265-699A>G, NM_001165964.1:c.265-699A>G, XM_011511601.1:c.265-699A>G, NM_006920.4:c.265-699A>G, XM_011511598.1:c.265-699A>G, XR_922981.1:n.449-699A>G, XM_011511607.1:c.265-699A>G, XM_011511605.1:c.265-699A>G, NC_000002.12:g.166059387T>C, XM_011511603.1:c.265-699A>G"
PA166179894,rs10191107,rs10191107,PA36302,TACR1,[GRCh37]chr2:75385192,0,0,0,0,No,"rs10191107, [GRCh38]chr2:75158066, [GRCh37.p13]chr2:75385192"
PA166155779,rs10192566,rs10192566,PA30436,LPIN1,[GRCh37]chr2:11890428,1,1,0,0,No,"NC_000002.12:g.11750302C>G, XM_011510337.1:c.139-15231C>G, rs10192566, NG_012843.2:g.77724C>G, XM_006711869.1:c.139-15231C>G, XM_011510336.1:c.-10+4101C>G, rs58869681, NC_000002.11:g.11890428C>G, NM_145693.2:c.-10+3631C>G, NM_001261429.1:c.9+8874C>G, XM_011510338.1:c.139-15231C>G, NM_001261428.1:c.139-15231C>G, XM_006711872.1:c.-9-15231C>G, XM_011510335.1:c.-128+4101C>G, [GRCh37]chr2:11890428, XM_011510333.1:c.139-15231C>G, XM_006711870.2:c.9+8874C>G, NM_001261427.1:c.9+8874C>G, XM_011510334.1:c.9+8874C>G, XM_006711871.1:c.-10+3631C>G"
PA166155613,rs1019358,rs1019358,PA164723457,NBAS,[GRCh37]chr2:15524042,1,0,0,0,No,"XM_011510358.1:c.3258-601T>C, NG_032964.1:g.182431T>C, NR_052013.2:n.3302-601T>C, XM_011510359.1:c.2619-601T>C, rs1019358, XM_011510361.1:c.1050-601T>C, NC_000002.11:g.15524042A>G, rs59122079, XM_011510360.1:c.1059-601T>C, NC_000002.12:g.15383918A>G, NM_015909.3:c.3258-601T>C, XM_011510357.1:c.3129-601T>C, [GRCh37]chr2:15524042"
PA166154508,rs1019385,rs1019385,PA28980,GRIN2B,[GRCh37]chr12:14134843,1,1,0,0,No,"NC_000012.11:g.14134843C>A, XM_011520630.1:c.-1632G>T, XM_011520628.1:c.-1015G>T, NM_000834.3:c.-2000G>T, [GRCh37]chr12:14134843, XM_011520629.1:c.-683+7G>T, NC_000012.12:g.13981909C>A, rs3764029, rs1019385, NG_031854.1:g.3180G>T"
PA166155780,rs10193895,rs10193895,,,[GRCh37]chr2:106269612,0,0,0,0,No,"NC_000002.12:g.105653155A>G, rs10193895, NC_000002.11:g.106269612A>G, rs59708627, [GRCh37]chr2:106269612"
PA166155781,rs10197559,rs10197559,PA25094,ATIC,[GRCh37]chr2:216185825,1,1,0,0,No,"NC_000002.12:g.215321102C>T, NC_000002.11:g.216185825C>T, NG_013002.1:g.14147C>T, rs59040650, [GRCh37]chr2:216185825, rs13417729, rs10197559, NM_004044.6:c.290+1371C>T"
PA166155782,rs10205923,rs10205923,PA203,IRS1,[GRCh37]chr2:227614557,0,0,0,0,No,"NG_015830.1:g.53950C>T, rs10205923, NC_000002.11:g.227614557G>A, NC_000002.12:g.226749841G>A, rs58122744, NM_005544.2:c.*22-13591C>T, [GRCh37]chr2:227614557"
PA166155783,rs10209214,rs10209214,PA164720351,MROH2A,[GRCh37]chr2:234687583,0,0,0,0,No,"[GRCh37]chr2:234687583, XM_011511079.1:c.77-408T>C, XM_011511081.1:c.77-408T>C, NC_000002.11:g.234687583T>C, XM_011511078.1:c.77-408T>C, XM_291007.11:c.-14-408T>C, rs17862622, XM_011511086.1:c.77-408T>C, NC_000002.12:g.233778937T>C, XM_011511076.1:c.77-408T>C, rs10209214, XM_011511080.1:c.-14-408T>C, XM_011511084.1:c.77-408T>C, rs60206992, XM_011511075.1:c.77-408T>C, XM_011511083.1:c.77-408T>C, XM_011511077.1:c.77-408T>C, NM_001287395.1:c.-14-408T>C, XM_011511082.1:c.77-408T>C"
PA166155784,rs10209881,rs10209881,PA134920089,GALNT14,[GRCh37]chr2:31246249,1,0,0,0,No,"XM_005264559.1:c.25-30376A>G, XM_011533105.1:c.70-30376A>G, NM_001253826.1:c.315-57081A>G, NR_045602.1:n.903-30376A>G, NM_001253827.1:c.70-30376A>G, NM_024572.3:c.130-30376A>G, XM_011533104.1:c.448-30376A>G, XM_011533106.1:c.43-30376A>G, rs57849618, rs56517291, rs59539437, [GRCh37]chr2:31246249, NC_000002.11:g.31246249T>C, NC_000002.12:g.31023383T>C, rs10209881"
PA166155785,rs10210302,rs10210302,PA134902949,ATG16L1,[GRCh37]chr2:234158839,0,1,0,0,No,"XM_005246082.1:c.-1635C>T, [GRCh37]chr2:234158839, XM_005246084.1:c.-1635C>T, NM_030803.6:c.-1635C>T, XR_953240.1:n.-1441C>T, XM_006712608.1:c.-1635C>T, NM_017974.3:c.-1635C>T, XM_011548856.1:c.-1635C>T, XM_011548855.1:c.-1635C>T, XM_011548853.1:c.-1635C>T, XR_241242.1:n.-1441C>T, NM_001190267.1:c.-1979C>T, XM_011548854.1:c.-1635C>T, NW_011332690.1:g.195531C>T, rs57072142, NM_001190266.1:c.-1885C>T, NC_000002.11:g.234158839C>T, rs10210302, NC_000002.12:g.233250193C>T, XM_005246085.1:c.-1979C>T, NG_023038.1:g.3623C>T, NM_198890.2:c.-1635C>T, XM_005246083.1:c.-1979C>T, XM_005246086.1:c.-1635C>T, XM_005246087.1:c.-1635C>T"
PA166170406,rs10211,rs10211,"PA122,PA134962723","CYP3A7,ZSCAN25",[GRCh37]chr7:99302994,0,0,0,0,No,"[GRCh37.p13]chr7:99302994, rs10211"
PA166155786,rs10211524,rs10211524,PA35829,SLC1A4,[GRCh37]chr2:65208074,0,0,0,0,No,"NC_000002.12:g.64980940G>A, [GRCh37]chr2:65208074, rs10211524, rs58531800, NC_000002.11:g.65208074G>A"
PA166156642,rs10213440,rs10213440,PA33558,PPARGC1A,[GRCh37]chr4:23866339,0,0,0,0,No,"XM_005248131.3:c.246+20036A>G, XM_005248130.1:c.249+20036A>G, XM_005248130.2:c.249+20036A>G, XM_011513769.1:c.249+20036A>G, XM_011513767.1:c.129+12998A>G, XM_005248132.1:c.225+20036A>G, XM_005248133.1:c.198+20036A>G, XM_005248131.1:c.246+20036A>G, rs10213440, XM_011513770.1:c.-148+16013A>G, XM_011513771.1:c.-148+17242A>G, XM_005248134.1:c.249+20036A>G, XM_011513765.1:c.198+20036A>G, XM_011513766.1:c.129+12998A>G, NC_000004.11:g.23866339T>C, NC_000004.12:g.23864716T>C, NM_013261.3:c.234+20036A>G, XM_011513764.1:c.234+20036A>G, XM_005248134.3:c.249+20036A>G, [GRCh37]chr4:23866339, XM_011513768.1:c.129+12998A>G, NG_028250.1:g.30362A>G"
PA166156861,rs10214163,rs10214163,PA134888452,SV2C,[GRCh37]chr5:75294410,2,0,0,0,No,"rs74290936, NC_000005.9:g.75294410C>T, rs58502419, rs61727521, NC_000005.10:g.75998585C>T, rs10214163, rs386511075, [GRCh37]chr5:75294410"
PA166161880,rs1021737,rs1021737,PA27004,CTH,[GRCh37]chr1:70904800,0,1,0,0,No,"[GRCh38]chr1:70439117, NP_001177392.1:p.S371I, rs1021737, [GRCh37.p13]chr1:70904800"
PA166177933,rs1022563,rs1022563,,,[GRCh37]chr20:1954339,0,1,0,0,No,"rs1022563, [GRCh37.p13]chr20:1954339, [GRCh38]chr20:1973693"
PA166160099,rs10226865,rs10226865,PA38657,GLCCI1,[GRCh37]chr7:8088394,1,0,0,0,No,"rs10226865, [GRCh38]chr7:8048764, [GRCh37]chr7:8088394"
PA166157436,rs10229583,rs10229583,PA32958,PAX4,[GRCh37]chr7:127246903,0,0,0,0,No,"rs10229583, NC_000007.14:g.127606849G>A, rs17659573, rs61359821, [GRCh37]chr7:127246903, NC_000007.13:g.127246903G>A"
PA166160085,rs10229643,rs10229643,PA38657,GLCCI1,[GRCh37]chr7:8061730,1,0,0,0,No,"[GRCh37]chr7:8061730, [GRCh38]chr7:8022100, rs10229643"
PA166160823,rs10234411,rs10234411,PA267,ABCB1,[GRCh37]chr7:87164892,0,0,0,0,No,"rs10234411, [GRCh38]chr7:87535576, [GRCh37]chr7:87164892"
PA166170509,rs1023574,rs1023574,PA194,HTR2C,[GRCh37]chrX:113855020,0,0,0,0,No,"rs1023574, [GRCh37.p13]chrX:113855020"
PA166160016,rs10239977,rs10239977,PA33532,POR,[GRCh37]chr7:75608986,0,0,0,0,No,"rs10239977, [GRCh38]chr7:75979668, [GRCh37]chr7:75608986"
PA166157437,rs10242455,rs10242455,PA134962723,ZSCAN25,[GRCh37]chr7:99240179,1,0,0,0,No,"rs60935833, XM_005250198.1:c.805+18376A>G, NC_000007.14:g.99642556A>G, XM_005250197.1:c.806-4915A>G, NC_000007.13:g.99240179A>G, rs10242455, XM_011515909.1:c.805+18376A>G, [GRCh37]chr7:99240179, XR_927402.1:n.1466+18376A>G, XM_011515910.1:c.806-4915A>G"
PA166157438,rs10242595,rs10242595,PA198,IL6,[GRCh37]chr7:22774231,1,0,0,0,No,"NC_000007.13:g.22774231G>A, [GRCh37]chr7:22774231, NC_000007.14:g.22734612G>A, rs60125740, rs10242595"
PA166156499,rs1024323,rs1024323,PA28941,GRK4,[GRCh37]chr4:3006043,2,2,0,0,No,"XM_011513457.1:c.425C>T, XP_005248014.1:p.Ala142Val, XM_011513447.1:c.425C>T, NP_001004057.1:p.Ala142Val, XM_011513454.1:c.425C>T, XM_005247962.1:c.-209C>T, [GRCh37]chr4:3006043, NM_182982.2:c.425C>T, XP_011511755.1:p.Ala142Val, XM_011513451.1:c.425C>T, XP_011511750.1:p.Ala142Val, NM_001004056.1:c.329C>T, XR_924943.1:n.991C>T, XP_011511751.1:p.Ala110Val, rs52795674, XM_011513452.1:c.425C>T, XP_011511759.1:p.Ala142Val, XM_005247963.1:c.425C>T, XP_011511749.1:p.Ala142Val, NG_029102.1:g.45701C>T, XP_011511756.1:p.Ala142Val, XM_011513449.1:c.329C>T, XP_005248016.1:p.Ala142Val, XM_005247958.1:c.329C>T, XM_011513453.1:c.425C>T, XR_924941.1:n.991C>T, XM_011513450.1:c.425C>T, XP_011511758.1:p.Ala142Val, XP_011511753.1:p.Ala142Val, rs61636656, XM_005247959.1:c.425C>T, NP_892027.2:p.Ala142Val, NP_005298.2:p.Ala110Val, XP_005248017.1:p.Ala142Val, XP_005248015.1:p.Ala110Val, rs386511346, XM_005247962.2:c.-209C>T, XM_011513455.1:c.425C>T, XP_011511752.1:p.Ala142Val, NP_001004056.1:p.A110V, NC_000004.12:g.3004316C>T, rs1024323, XM_005247957.1:c.425C>T, XM_005247960.1:c.425C>T, XP_011511757.1:p.Ala142Val, XP_011511754.1:p.Ala142Val, XM_011513456.1:c.425C>T, NM_001004057.1:c.425C>T, XM_011513448.1:c.425C>T, XM_006713880.2:c.-237C>T, NM_005307.2:c.329C>T, XP_005248020.1:p.Ala142Val, NC_000004.11:g.3006043C>T, NP_001004056.1:p.Ala110Val"
PA166160089,rs10243846,rs10243846,PA38657,GLCCI1,[GRCh37]chr7:8062590,1,0,0,0,No,"rs10243846, [GRCh37]chr7:8062590, [GRCh38]chr7:8022960"
PA166157439,rs10244329,rs10244329,PA228,LEP,[GRCh37]chr7:127888689,0,0,0,0,No,"NM_000230.2:c.-28-3355A>T, XM_005250340.1:c.-28-3355A>T, rs10244329, NC_000007.13:g.127888689A>T, rs57328412, [GRCh37]chr7:127888689, NC_000007.14:g.128248636A>T, XM_005250340.3:c.-28-3355A>T, rs56581993, NG_007450.1:g.12359A>T, rs58085695"
PA166157440,rs10248420,rs10248420,PA267,ABCB1,[GRCh37]chr7:87164986,1,2,0,0,No,"[GRCh37]chr7:87164986, NG_011513.1:g.182579T>C, NC_000007.13:g.87164986A>G, NM_000927.4:c.2481+788T>C, NC_000007.14:g.87535670A>G, rs10248420, rs56939197"
PA166160126,rs10253260,rs10253260,PA38657,GLCCI1,[GRCh37]chr7:8115979,1,0,0,0,No,"rs10253260, [GRCh37]chr7:8115979, [GRCh38]chr7:8076349"